{
    "classification_report": {
        "0": {
            "precision": 0.9997713481663881,
            "recall": 0.999613111986494,
            "f1-score": 0.9996922238148418,
            "support": 56864.0
        },
        "1": {
            "precision": 0.794392523364486,
            "recall": 0.8673469387755102,
            "f1-score": 0.8292682926829268,
            "support": 98.0
        },
        "accuracy": 0.999385555282469,
        "macro avg": {
            "precision": 0.897081935765437,
            "recall": 0.933480025381002,
            "f1-score": 0.9144802582488842,
            "support": 56962.0
        },
        "weighted avg": {
            "precision": 0.9994180051512098,
            "recall": 0.999385555282469,
            "f1-score": 0.9993990187790122,
            "support": 56962.0
        }
    },
    "roc_auc": 0.9811926845864963,
    "confusion_matrix": [
        [
            56842,
            22
        ],
        [
            13,
            85
        ]
    ],
    "best_params": {
        "rf": {
            "n_estimators": 200,
            "min_samples_split": 10,
            "max_features": "log2",
            "max_depth": null
        },
        "xgb": {
            "subsample": 0.8,
            "scale_pos_weight": 10,
            "n_estimators": 200,
            "max_depth": 6,
            "learning_rate": 0.2
        }
    }
}