{
    "classification_report": {
        "0": {
            "precision": 0.9997537638947517,
            "recall": 0.999613111986494,
            "f1-score": 0.999683432993317,
            "support": 56864.0
        },
        "1": {
            "precision": 0.7924528301886793,
            "recall": 0.8571428571428571,
            "f1-score": 0.8235294117647058,
            "support": 98.0
        },
        "accuracy": 0.9993679997191109,
        "macro avg": {
            "precision": 0.8961032970417155,
            "recall": 0.9283779845646756,
            "f1-score": 0.9116064223790115,
            "support": 56962.0
        },
        "weighted avg": {
            "precision": 0.9993971139965179,
            "recall": 0.9993679997191109,
            "f1-score": 0.9993803696514328,
            "support": 56962.0
        }
    },
    "roc_auc": 0.9830067156294143,
    "confusion_matrix": [
        [
            56842,
            22
        ],
        [
            14,
            84
        ]
    ],
    "best_params": {
        "rf": {
            "n_estimators": 200,
            "min_samples_split": 10,
            "max_features": "log2",
            "max_depth": null
        },
        "xgb": {
            "subsample": 0.8,
            "scale_pos_weight": 10,
            "n_estimators": 200,
            "max_depth": 6,
            "learning_rate": 0.2
        }
    }
}